<application>
  <component name="FileTypeManager" version="18">
    <extensionMap>
      <mapping pattern="CODEOWNERS" type="AUTO_DETECTED" />
      <mapping ext="env" type="Env File" />
      <mapping pattern=".eslintrc_migration" type="PLAIN_TEXT" />
      <mapping pattern=".zshrc-old" type="PLAIN_TEXT" />
      <mapping pattern=".nvmrc" type="PLAIN_TEXT" />
      <removed_mapping ext="apk" approved="true" type="ARCHIVE" />
      <removed_mapping ext="env" approved="true" type=".env file" />
      <removed_mapping ext="psd" approved="true" type="Image" />
    </extensionMap>
  </component>
</application>