<application>
  <component name="FindSettings">
    <option name="customScope" value="Project Files" />
    <option name="defaultScopeName" value="Project Files" />
    <option name="SEARCH_SCOPE" value="Project Files" />
    <mask>*.css</mask>
    <mask>*.html</mask>
    <mask>*.xml</mask>
    <mask>*.jsp</mask>
    <mask>*.properties</mask>
    <mask>*.java</mask>
    <mask>*.json</mask>
    <mask>*.js</mask>
    <mask>*Controller.ts</mask>
    <mask>*uspec.ts</mask>
    <mask>*.tsx</mask>
    <mask>*.ts</mask>
  </component>
</application>